UNIX timestamp,UTC time,Receiver Warning,Latitude NMEA,Indicator Latitude NMEA,Longitude NMEA,Indicator Longitude NMEA,Speed [Knots],True Course,UT date,Magnetic Variation Degrees,Indicator Magnetic Variation Degrees
1701185193178518098,152633.14,A,5225.341293,N,00937.080424,E,19.224,170.41,281123,3.82,E
1701185193278557185,152633.24,A,5225.340770,N,00937.080568,E,19.005,170.55,281123,3.82,E
1701185193378467366,152633.34,A,5225.340252,N,00937.080709,E,18.783,170.65,281123,3.82,E
1701185193479131481,152633.44,A,5225.339733,N,00937.080846,E,18.576,170.74,281123,3.82,E
1701185193579103222,152633.54,A,5225.339227,N,00937.080981,E,18.357,170.87,281123,3.82,E
1701185193679181251,152633.64,A,5225.338727,N,00937.081109,E,18.145,171.01,281123,3.82,E
1701185193779112598,152633.74,A,5225.338231,N,00937.081236,E,17.935,171.18,281123,3.82,E
1701185193879085852,152633.84,A,5225.337742,N,00937.081360,E,17.740,171.32,281123,3.82,E
1701185193979098867,152633.94,A,5225.337254,N,00937.081480,E,17.555,171.51,281123,3.82,E
1701185194079146765,152634.04,A,5225.336775,N,00937.081596,E,17.326,171.68,281123,3.82,E
1701185194178551785,152634.14,A,5225.336304,N,00937.081700,E,17.063,171.94,281123,3.82,E
1701185194278588740,152634.24,A,5225.335838,N,00937.081808,E,16.800,172.05,281123,3.82,E
1701185194378478930,152634.34,A,5225.335379,N,00937.081912,E,16.561,172.18,281123,3.82,E
1701185194478651672,152634.44,A,5225.334922,N,00937.082017,E,16.337,172.37,281123,3.82,E
1701185194578464146,152634.54,A,5225.334475,N,00937.082114,E,16.101,172.45,281123,3.82,E
1701185194678600104,152634.64,A,5225.334043,N,00937.082217,E,15.853,172.73,281123,3.82,E
1701185194778694728,152634.74,A,5225.333609,N,00937.082306,E,15.610,173.05,281123,3.82,E
1701185194878454546,152634.84,A,5225.333182,N,00937.082390,E,15.381,173.33,281123,3.82,E
1701185194978535385,152634.94,A,5225.332772,N,00937.082473,E,15.137,173.55,281123,3.82,E
1701185195078475505,152635.04,A,5225.332357,N,00937.082549,E,14.908,173.65,281123,3.82,E
1701185195178450558,152635.14,A,5225.331951,N,00937.082617,E,14.681,173.84,281123,3.82,E
1701185195278456867,152635.24,A,5225.331549,N,00937.082688,E,14.447,174.00,281123,3.82,E
1701185195378459425,152635.34,A,5225.331153,N,00937.082755,E,14.217,174.10,281123,3.82,E
1701185195478458668,152635.44,A,5225.330771,N,00937.082820,E,13.983,174.19,281123,3.82,E
1701185195578454437,152635.54,A,5225.330387,N,00937.082884,E,13.749,174.31,281123,3.82,E
1701185195678459796,152635.64,A,5225.330016,N,00937.082940,E,13.526,174.43,281123,3.82,E
1701185195778454121,152635.74,A,5225.329645,N,00937.082999,E,13.312,174.56,281123,3.82,E
1701185195878467788,152635.84,A,5225.329280,N,00937.083055,E,13.100,174.62,281123,3.82,E
1701185195978519265,152635.94,A,5225.328930,N,00937.083107,E,12.891,174.68,281123,3.82,E
1701185196078485499,152636.04,A,5225.328576,N,00937.083160,E,12.697,174.83,281123,3.82,E
1701185196178550443,152636.14,A,5225.328238,N,00937.083207,E,12.495,174.93,281123,3.82,E
1701185196278530730,152636.24,A,5225.327895,N,00937.083257,E,12.310,174.91,281123,3.82,E
1701185196378507874,152636.34,A,5225.327556,N,00937.083307,E,12.129,174.92,281123,3.82,E
1701185196478660002,152636.44,A,5225.327234,N,00937.083348,E,11.937,174.96,281123,3.82,E
1701185196578501781,152636.54,A,5225.326906,N,00937.083394,E,11.754,175.11,281123,3.82,E
1701185196678587616,152636.64,A,5225.326595,N,00937.083438,E,11.566,175.14,281123,3.82,E
1701185196778463628,152636.74,A,5225.326277,N,00937.083482,E,11.383,175.15,281123,3.82,E
1701185196878453173,152636.84,A,5225.325964,N,00937.083525,E,11.200,175.15,281123,3.82,E
1701185196978415703,152636.94,A,5225.325669,N,00937.083564,E,11.009,175.21,281123,3.82,E
1701185197079273218,152637.04,A,5225.325367,N,00937.083605,E,10.827,175.29,281123,3.82,E
1701185197179134289,152637.14,A,5225.325087,N,00937.083644,E,10.623,175.26,281123,3.82,E
1701185197279125282,152637.24,A,5225.324795,N,00937.083683,E,10.434,175.38,281123,3.82,E
1701185197379108770,152637.34,A,5225.324509,N,00937.083721,E,10.247,175.40,281123,3.82,E
1701185197479124978,152637.44,A,5225.324239,N,00937.083751,E,10.055,175.47,281123,3.82,E
1701185197579123909,152637.54,A,5225.323963,N,00937.083787,E,9.861,175.44,281123,3.82,E
1701185197679103634,152637.64,A,5225.323707,N,00937.083817,E,9.662,175.46,281123,3.82,E
1701185197779086809,152637.74,A,5225.323442,N,00937.083851,E,9.479,175.60,281123,3.82,E
1701185197879137922,152637.84,A,5225.323182,N,00937.083884,E,9.296,175.56,281123,3.82,E
1701185197978698836,152637.94,A,5225.322939,N,00937.083915,E,9.099,175.62,281123,3.82,E
1701185198078549343,152638.04,A,5225.322689,N,00937.083946,E,8.909,175.69,281123,3.82,E
1701185198178552196,152638.14,A,5225.322460,N,00937.083971,E,8.714,175.62,281123,3.82,E
1701185198278431448,152638.24,A,5225.322222,N,00937.084001,E,8.534,175.71,281123,3.82,E
1701185198378653965,152638.34,A,5225.321988,N,00937.084029,E,8.351,175.80,281123,3.82,E
1701185198478468197,152638.44,A,5225.321775,N,00937.084051,E,8.149,175.79,281123,3.82,E
1701185198578518741,152638.54,A,5225.321551,N,00937.084078,E,7.967,175.79,281123,3.82,E
1701185198678625695,152638.64,A,5225.321347,N,00937.084100,E,7.775,175.88,281123,3.82,E
1701185198778506869,152638.74,A,5225.321134,N,00937.084125,E,7.591,175.97,281123,3.82,E
1701185198878690614,152638.84,A,5225.320926,N,00937.084149,E,7.410,176.03,281123,3.82,E
1701185198978467637,152638.94,A,5225.320736,N,00937.084169,E,7.218,175.99,281123,3.82,E
1701185199078480825,152639.04,A,5225.320539,N,00937.084191,E,7.032,176.05,281123,3.82,E
1701185199179181040,152639.14,A,5225.320362,N,00937.084211,E,6.846,176.10,281123,3.82,E
1701185199279159283,152639.24,A,5225.320174,N,00937.084231,E,6.721,176.18,281123,3.82,E
1701185199379110449,152639.34,A,5225.319989,N,00937.084251,E,6.628,176.20,281123,3.82,E
1701185199479125195,152639.44,A,5225.319825,N,00937.084262,E,6.522,176.28,281123,3.82,E
1701185199579121725,152639.54,A,5225.319645,N,00937.084282,E,6.433,176.27,281123,3.82,E
1701185199679109015,152639.64,A,5225.319492,N,00937.084301,E,6.322,176.34,281123,3.82,E
1701185199779117494,152639.74,A,5225.319318,N,00937.084320,E,6.237,176.29,281123,3.82,E
1701185199879130671,152639.84,A,5225.319146,N,00937.084338,E,6.156,176.30,281123,3.82,E
1701185199979101761,152639.94,A,5225.318999,N,00937.084354,E,6.057,176.48,281123,3.82,E
1701185200078589985,152640.04,A,5225.318832,N,00937.084371,E,5.975,176.57,281123,3.82,E
1701185200178407753,152640.14,A,5225.318693,N,00937.084386,E,5.870,176.38,281123,3.82,E
1701185200278457339,152640.24,A,5225.318531,N,00937.084402,E,5.785,176.45,281123,3.82,E
1701185200378531907,152640.34,A,5225.318372,N,00937.084418,E,5.702,176.53,281123,3.82,E
1701185200478507742,152640.44,A,5225.318236,N,00937.084431,E,5.602,176.50,281123,3.82,E
1701185200578588095,152640.54,A,5225.318082,N,00937.084447,E,5.522,176.54,281123,3.82,E
1701185200678556467,152640.64,A,5225.317949,N,00937.084454,E,5.423,176.65,281123,3.82,E
1701185200778569787,152640.74,A,5225.317799,N,00937.084468,E,5.351,176.66,281123,3.82,E
1701185200878572340,152640.84,A,5225.317652,N,00937.084482,E,5.285,176.60,281123,3.82,E
1701185200978495038,152640.94,A,5225.317525,N,00937.084494,E,5.209,176.59,281123,3.82,E
1701185201079179811,152641.04,A,5225.317382,N,00937.084508,E,5.151,176.74,281123,3.82,E
1701185201179029517,152641.14,A,5225.317260,N,00937.084518,E,5.077,176.65,281123,3.82,E
1701185201279093163,152641.24,A,5225.317120,N,00937.084532,E,5.029,176.60,281123,3.82,E
1701185201378423895,152641.34,A,5225.316981,N,00937.084545,E,4.991,176.72,281123,3.82,E
1701185201478410299,152641.44,A,5225.316860,N,00937.084556,E,4.948,176.65,281123,3.82,E
1701185201578416176,152641.54,A,5225.316723,N,00937.084569,E,4.928,176.67,281123,3.82,E
1701185201679187942,152641.64,A,5225.316609,N,00937.084575,E,4.890,176.76,281123,3.82,E
1701185201779087691,152641.74,A,5225.316474,N,00937.084588,E,4.875,176.82,281123,3.82,E
1701185201879062539,152641.84,A,5225.316339,N,00937.084600,E,4.858,176.83,281123,3.82,E
1701185201979023448,152641.94,A,5225.316227,N,00937.084605,E,4.817,176.89,281123,3.82,E
1701185202078550428,152642.04,A,5225.316093,N,00937.084617,E,4.800,176.90,281123,3.82,E
1701185202178488003,152642.14,A,5225.315979,N,00937.084626,E,4.765,177.01,281123,3.82,E
1701185202278565668,152642.24,A,5225.315847,N,00937.084637,E,4.741,177.03,281123,3.82,E
1701185202379083641,152642.34,A,5225.315715,N,00937.084648,E,4.716,177.12,281123,3.82,E
1701185202478548574,152642.44,A,5225.315603,N,00937.084653,E,4.677,177.22,281123,3.82,E
1701185202578657056,152642.54,A,5225.315473,N,00937.084663,E,4.652,177.15,281123,3.82,E
1701185202678554729,152642.64,A,5225.315359,N,00937.084668,E,4.611,177.15,281123,3.82,E
1701185202778536614,152642.74,A,5225.315232,N,00937.084678,E,4.581,177.12,281123,3.82,E
1701185202878491014,152642.84,A,5225.315105,N,00937.084689,E,4.549,177.21,281123,3.82,E
1701185202978466968,152642.94,A,5225.314997,N,00937.084690,E,4.501,177.32,281123,3.82,E
1701185203079130234,152643.04,A,5225.314872,N,00937.084699,E,4.467,177.52,281123,3.82,E
1701185203179124350,152643.14,A,5225.314763,N,00937.084704,E,4.416,177.52,281123,3.82,E
1701185203279105054,152643.24,A,5225.314641,N,00937.084713,E,4.383,177.52,281123,3.82,E
1701185203379099554,152643.34,A,5225.314520,N,00937.084722,E,4.347,177.63,281123,3.82,E
1701185203479130616,152643.44,A,5225.314416,N,00937.084723,E,4.296,177.61,281123,3.82,E
1701185203579123324,152643.54,A,5225.314297,N,00937.084731,E,4.258,177.54,281123,3.82,E
1701185203679099770,152643.64,A,5225.314189,N,00937.084737,E,4.217,177.68,281123,3.82,E
1701185203778474585,152643.74,A,5225.314073,N,00937.084744,E,4.181,177.71,281123,3.82,E
1701185203878446251,152643.84,A,5225.313957,N,00937.084752,E,4.148,177.80,281123,3.82,E
1701185203978800385,152643.94,A,5225.313855,N,00937.084753,E,4.105,177.82,281123,3.82,E
1701185204078464951,152644.04,A,5225.313741,N,00937.084760,E,4.075,177.78,281123,3.82,E
1701185204178498892,152644.14,A,5225.313639,N,00937.084761,E,4.037,177.96,281123,3.82,E
1701185204279183886,152644.24,A,5225.313527,N,00937.084768,E,4.013,177.98,281123,3.82,E
1701185204378459178,152644.34,A,5225.313416,N,00937.084774,E,3.992,178.15,281123,3.82,E
1701185204478520110,152644.44,A,5225.313318,N,00937.084779,E,3.966,178.00,281123,3.82,E
1701185204578434436,152644.54,A,5225.313208,N,00937.084785,E,3.976,178.02,281123,3.82,E
1701185204678600063,152644.64,A,5225.313106,N,00937.084784,E,3.994,178.22,281123,3.82,E
1701185204778415101,152644.74,A,5225.312994,N,00937.084790,E,4.027,178.09,281123,3.82,E
1701185204878413928,152644.84,A,5225.312882,N,00937.084796,E,4.065,178.10,281123,3.82,E
1701185204978459849,152644.94,A,5225.312787,N,00937.084799,E,4.086,178.17,281123,3.82,E
1701185205079254857,152645.04,A,5225.312673,N,00937.084805,E,4.120,178.20,281123,3.82,E
1701185205179173141,152645.14,A,5225.312571,N,00937.084815,E,4.132,178.27,281123,3.82,E
1701185205278483291,152645.24,A,5225.312456,N,00937.084821,E,4.139,178.20,281123,3.82,E
1701185205378464491,152645.34,A,5225.312342,N,00937.084827,E,4.123,178.18,281123,3.82,E
1701185205478462010,152645.44,A,5225.312238,N,00937.084819,E,4.087,178.28,281123,3.82,E
1701185205578441623,152645.54,A,5225.312125,N,00937.084824,E,4.060,178.42,281123,3.82,E
1701185205678472866,152645.64,A,5225.312017,N,00937.084826,E,4.023,178.51,281123,3.82,E
1701185205778468407,152645.74,A,5225.311906,N,00937.084831,E,3.989,178.37,281123,3.82,E
1701185205878462857,152645.84,A,5225.311796,N,00937.084837,E,3.959,178.39,281123,3.82,E
1701185205978531724,152645.94,A,5225.311694,N,00937.084838,E,3.917,178.58,281123,3.82,E
1701185206078487349,152646.04,A,5225.311586,N,00937.084843,E,3.883,178.49,281123,3.82,E
1701185206178579473,152646.14,A,5225.311485,N,00937.084847,E,3.846,178.58,281123,3.82,E
1701185206278466349,152646.24,A,5225.311378,N,00937.084851,E,3.817,178.65,281123,3.82,E
1701185206378612391,152646.34,A,5225.311273,N,00937.084855,E,3.792,178.47,281123,3.82,E
1701185206478430948,152646.44,A,5225.311175,N,00937.084852,E,3.761,178.57,281123,3.82,E
1701185206578462036,152646.54,A,5225.311071,N,00937.084856,E,3.734,178.70,281123,3.82,E
1701185206678656204,152646.64,A,5225.310969,N,00937.084855,E,3.713,178.75,281123,3.82,E
1701185206778490236,152646.74,A,5225.310866,N,00937.084859,E,3.700,178.72,281123,3.82,E
1701185206878628183,152646.84,A,5225.310763,N,00937.084863,E,3.706,178.76,281123,3.82,E
1701185206978471637,152646.94,A,5225.310667,N,00937.084861,E,3.741,178.89,281123,3.82,E
1701185207078466664,152647.04,A,5225.310562,N,00937.084865,E,3.814,178.82,281123,3.82,E
1701185207178448590,152647.14,A,5225.310466,N,00937.084871,E,3.921,178.81,281123,3.82,E
1701185207278452003,152647.24,A,5225.310355,N,00937.084875,E,4.082,178.93,281123,3.82,E
1701185207378497108,152647.34,A,5225.310239,N,00937.084878,E,4.306,178.89,281123,3.82,E
1701185207478459871,152647.44,A,5225.310131,N,00937.084877,E,4.583,178.93,281123,3.82,E
1701185207578458721,152647.54,A,5225.309999,N,00937.084881,E,4.919,178.90,281123,3.82,E
1701185207678439867,152647.64,A,5225.309889,N,00937.084874,E,5.247,178.93,281123,3.82,E
1701185207778458128,152647.74,A,5225.309739,N,00937.084879,E,5.618,178.83,281123,3.82,E
1701185207878453869,152647.84,A,5225.309577,N,00937.084884,E,5.998,178.96,281123,3.82,E
1701185207978461669,152647.94,A,5225.309435,N,00937.084880,E,6.350,179.11,281123,3.82,E
1701185208078624214,152648.04,A,5225.309253,N,00937.084885,E,6.744,179.11,281123,3.82,E
1701185208178447518,152648.14,A,5225.309080,N,00937.084885,E,7.123,179.08,281123,3.82,E
1701185208278466172,152648.24,A,5225.308876,N,00937.084890,E,7.543,179.06,281123,3.82,E
1701185208378712633,152648.34,A,5225.308661,N,00937.084896,E,7.982,179.15,281123,3.82,E
1701185208478472370,152648.44,A,5225.308455,N,00937.084894,E,8.392,179.17,281123,3.82,E
1701185208578540340,152648.54,A,5225.308215,N,00937.084899,E,8.841,179.24,281123,3.82,E
1701185208678452498,152648.64,A,5225.307986,N,00937.084893,E,9.257,179.33,281123,3.82,E
1701185208778618433,152648.74,A,5225.307723,N,00937.084898,E,9.707,179.39,281123,3.82,E
1701185208878577969,152648.84,A,5225.307447,N,00937.084902,E,10.166,179.55,281123,3.82,E
1701185208978477467,152648.94,A,5225.307175,N,00937.084897,E,10.605,179.73,281123,3.82,E
1701185209078475485,152649.04,A,5225.306874,N,00937.084899,E,11.055,179.68,281123,3.82,E
1701185209178458001,152649.14,A,5225.306575,N,00937.084889,E,11.501,179.82,281123,3.82,E
1701185209278445853,152649.24,A,5225.306249,N,00937.084891,E,11.964,179.88,281123,3.82,E
1701185209378444387,152649.34,A,5225.305911,N,00937.084891,E,12.424,179.97,281123,3.82,E
1701185209478453299,152649.44,A,5225.305573,N,00937.084882,E,12.846,180.12,281123,3.82,E
1701185209578453943,152649.54,A,5225.305209,N,00937.084880,E,13.284,180.27,281123,3.82,E
1701185209678456099,152649.64,A,5225.304843,N,00937.084868,E,13.679,180.37,281123,3.82,E
1701185209778519495,152649.74,A,5225.304457,N,00937.084864,E,14.080,180.39,281123,3.82,E
1701185209878450975,152649.84,A,5225.304060,N,00937.084859,E,14.477,180.58,281123,3.82,E
1701185209978461561,152649.94,A,5225.303663,N,00937.084838,E,14.828,180.72,281123,3.82,E
1701185210078537158,152650.04,A,5225.303246,N,00937.084829,E,15.188,180.71,281123,3.82,E
1701185210178469522,152650.14,A,5225.302823,N,00937.084808,E,15.445,180.89,281123,3.82,E
1701185210278537238,152650.24,A,5225.302391,N,00937.084796,E,15.705,180.99,281123,3.82,E
1701185210378467410,152650.34,A,5225.301950,N,00937.084784,E,16.014,181.08,281123,3.82,E
1701185210478543670,152650.44,A,5225.301493,N,00937.084764,E,16.231,181.21,281123,3.82,E
1701185210578552590,152650.54,A,5225.301039,N,00937.084748,E,16.462,181.31,281123,3.82,E
1701185210678462577,152650.64,A,5225.300563,N,00937.084719,E,16.714,181.44,281123,3.82,E
1701185210778648704,152650.74,A,5225.300096,N,00937.084700,E,16.925,181.50,281123,3.82,E
1701185210878444898,152650.84,A,5225.299622,N,00937.084678,E,17.174,181.72,281123,3.82,E
1701185210978475776,152650.94,A,5225.299126,N,00937.084638,E,17.411,181.82,281123,3.82,E
1701185211078516048,152651.04,A,5225.298639,N,00937.084613,E,17.616,181.91,281123,3.82,E
1701185211178491262,152651.14,A,5225.298131,N,00937.084573,E,17.846,182.13,281123,3.82,E
1701185211278465475,152651.24,A,5225.297632,N,00937.084542,E,18.108,182.27,281123,3.82,E
1701185211378487088,152651.34,A,5225.297125,N,00937.084507,E,18.356,182.44,281123,3.82,E
1701185211478499506,152651.44,A,5225.296603,N,00937.084465,E,18.620,182.36,281123,3.82,E
1701185211578485180,152651.54,A,5225.296082,N,00937.084430,E,18.878,182.46,281123,3.82,E
1701185211678823294,152651.64,A,5225.295537,N,00937.084374,E,19.164,182.83,281123,3.82,E
1701185211778505138,152651.74,A,5225.295003,N,00937.084332,E,19.407,182.66,281123,3.82,E
1701185211878453105,152651.84,A,5225.294461,N,00937.084291,E,19.638,182.68,281123,3.82,E
1701185211978585409,152651.94,A,5225.293900,N,00937.084236,E,19.877,182.96,281123,3.82,E
1701185212078451725,152652.04,A,5225.293346,N,00937.084190,E,20.101,182.87,281123,3.82,E
1701185212178453719,152652.14,A,5225.292769,N,00937.084147,E,20.338,182.94,281123,3.82,E
1701185212278498733,152652.24,A,5225.292202,N,00937.084099,E,20.560,183.01,281123,3.82,E
1701185212378467859,152652.34,A,5225.291629,N,00937.084049,E,20.780,183.08,281123,3.82,E
1701185212478537495,152652.44,A,5225.291026,N,00937.083992,E,21.009,183.24,281123,3.82,E
1701185212578522212,152652.54,A,5225.290440,N,00937.083937,E,21.210,183.28,281123,3.82,E
1701185212678591822,152652.64,A,5225.289829,N,00937.083870,E,21.422,183.37,281123,3.82,E
1701185212778630863,152652.74,A,5225.289232,N,00937.083812,E,21.616,183.49,281123,3.82,E
1701185212878456486,152652.84,A,5225.288630,N,00937.083750,E,21.788,183.65,281123,3.82,E
1701185212978502746,152652.94,A,5225.288000,N,00937.083678,E,21.982,183.74,281123,3.82,E
1701185213078499430,152653.04,A,5225.287388,N,00937.083612,E,22.154,183.88,281123,3.82,E
1701185213178440008,152653.14,A,5225.286744,N,00937.083530,E,22.343,184.08,281123,3.82,E
1701185213278508835,152653.24,A,5225.286122,N,00937.083455,E,22.501,184.27,281123,3.82,E
1701185213378417770,152653.34,A,5225.285497,N,00937.083378,E,22.657,184.38,281123,3.82,E
1701185213478425181,152653.44,A,5225.284843,N,00937.083290,E,22.828,184.61,281123,3.82,E
1701185213578420834,152653.54,A,5225.284209,N,00937.083205,E,22.968,184.73,281123,3.82,E
1701185213678430644,152653.64,A,5225.283546,N,00937.083110,E,23.121,184.92,281123,3.82,E
1701185213778415952,152653.74,A,5225.282904,N,00937.083018,E,23.225,185.09,281123,3.82,E
1701185213878486700,152653.84,A,5225.282260,N,00937.082922,E,23.330,185.30,281123,3.82,E
1701185213978494568,152653.94,A,5225.281586,N,00937.082810,E,23.408,185.48,281123,3.82,E
1701185214078425573,152654.04,A,5225.280938,N,00937.082707,E,23.450,185.61,281123,3.82,E
1701185214178548630,152654.14,A,5225.280255,N,00937.082588,E,23.519,185.81,281123,3.82,E
1701185214278439529,152654.24,A,5225.279604,N,00937.082478,E,23.566,186.00,281123,3.82,E
1701185214378593464,152654.34,A,5225.278952,N,00937.082363,E,23.607,186.20,281123,3.82,E
1701185214478685112,152654.44,A,5225.278273,N,00937.082239,E,23.677,186.37,281123,3.82,E
1701185214578519563,152654.54,A,5225.277618,N,00937.082118,E,23.740,186.53,281123,3.82,E
1701185214678536707,152654.64,A,5225.276932,N,00937.081983,E,23.829,186.69,281123,3.82,E
1701185214778452256,152654.74,A,5225.276273,N,00937.081855,E,23.904,186.80,281123,3.82,E
1701185214878481599,152654.84,A,5225.275613,N,00937.081724,E,23.982,187.07,281123,3.82,E
1701185214978432236,152654.94,A,5225.274924,N,00937.081577,E,24.076,187.28,281123,3.82,E
1701185215078448671,152655.04,A,5225.274260,N,00937.081436,E,24.145,187.58,281123,3.82,E
1701185215178433397,152655.14,A,5225.273567,N,00937.081283,E,24.249,187.90,281123,3.82,E
1701185215278427599,152655.24,A,5225.272899,N,00937.081129,E,24.337,188.09,281123,3.82,E
1701185215378430000,152655.34,A,5225.272228,N,00937.080970,E,24.413,188.37,281123,3.82,E
1701185215478431530,152655.44,A,5225.271537,N,00937.080798,E,24.508,188.52,281123,3.82,E
1701185215578502777,152655.54,A,5225.270862,N,00937.080630,E,24.592,188.75,281123,3.82,E
1701185215678457996,152655.64,A,5225.270166,N,00937.080451,E,24.678,188.99,281123,3.82,E
1701185215778432628,152655.74,A,5225.269488,N,00937.080273,E,24.745,189.19,281123,3.82,E
1701185215878461322,152655.84,A,5225.268808,N,00937.080090,E,24.831,189.45,281123,3.82,E
1701185215978526896,152655.94,A,5225.268105,N,00937.079893,E,24.922,189.68,281123,3.82,E
1701185216078548932,152656.04,A,5225.267421,N,00937.079701,E,25.003,189.82,281123,3.82,E
1701185216178635243,152656.14,A,5225.266717,N,00937.079496,E,25.084,190.00,281123,3.82,E
1701185216278474025,152656.24,A,5225.266030,N,00937.079296,E,25.135,190.21,281123,3.82,E
1701185216378544502,152656.34,A,5225.265343,N,00937.079091,E,25.140,190.36,281123,3.82,E
1701185216478460568,152656.44,A,5225.264634,N,00937.078886,E,25.139,190.59,281123,3.82,E
1701185216578492203,152656.54,A,5225.263948,N,00937.078673,E,25.119,190.77,281123,3.82,E
1701185216678456332,152656.64,A,5225.263243,N,00937.078451,E,25.121,190.93,281123,3.82,E
1701185216778599174,152656.74,A,5225.262559,N,00937.078232,E,25.086,191.11,281123,3.82,E
1701185216878604260,152656.84,A,5225.261875,N,00937.078011,E,25.049,191.21,281123,3.82,E
1701185216978480671,152656.94,A,5225.261170,N,00937.077776,E,25.027,191.31,281123,3.82,E
1701185217078488420,152657.04,A,5225.260489,N,00937.077552,E,24.981,191.38,281123,3.82,E
1701185217178521975,152657.14,A,5225.259790,N,00937.077312,E,24.953,191.51,281123,3.82,E
1701185217278478186,152657.24,A,5225.259111,N,00937.077084,E,24.907,191.65,281123,3.82,E
1701185217378466087,152657.34,A,5225.258434,N,00937.076855,E,24.865,191.74,281123,3.82,E
1701185217478483991,152657.44,A,5225.257740,N,00937.076610,E,24.839,191.88,281123,3.82,E
1701185217578478594,152657.54,A,5225.257065,N,00937.076376,E,24.795,192.04,281123,3.82,E
1701185217678468398,152657.64,A,5225.256373,N,00937.076128,E,24.773,192.18,281123,3.82,E
1701185217778464147,152657.74,A,5225.255701,N,00937.075888,E,24.731,192.33,281123,3.82,E
1701185217878457270,152657.84,A,5225.255031,N,00937.075647,E,24.684,192.46,281123,3.82,E
1701185217978573912,152657.94,A,5225.254341,N,00937.075392,E,24.663,192.60,281123,3.82,E
1701185218078543143,152658.04,A,5225.253673,N,00937.075145,E,24.627,192.82,281123,3.82,E
1701185218178449360,152658.14,A,5225.252992,N,00937.074890,E,24.599,193.05,281123,3.82,E
1701185218278856121,152658.24,A,5225.252327,N,00937.074635,E,24.562,193.28,281123,3.82,E
1701185218378475901,152658.34,A,5225.251664,N,00937.074377,E,24.523,193.46,281123,3.82,E
1701185218478711465,152658.44,A,5225.250982,N,00937.074107,E,24.504,193.65,281123,3.82,E
1701185218578590646,152658.54,A,5225.250321,N,00937.073842,E,24.470,193.83,281123,3.82,E
1701185218678557940,152658.64,A,5225.249648,N,00937.073567,E,24.475,193.98,281123,3.82,E
1701185218778689065,152658.74,A,5225.248988,N,00937.073295,E,24.516,194.15,281123,3.82,E
1701185218878494297,152658.84,A,5225.248328,N,00937.073019,E,24.572,194.41,281123,3.82,E
1701185218978495827,152658.94,A,5225.247649,N,00937.072734,E,24.658,194.57,281123,3.82,E
1701185219078492202,152659.04,A,5225.246985,N,00937.072449,E,24.748,194.74,281123,3.82,E
1701185219179177224,152659.14,A,5225.246313,N,00937.072142,E,24.854,194.91,281123,3.82,E
1701185219279114971,152659.24,A,5225.245645,N,00937.071848,E,24.957,195.08,281123,3.82,E
1701185219379119092,152659.34,A,5225.244974,N,00937.071550,E,25.061,195.29,281123,3.82,E
1701185219479138394,152659.44,A,5225.244300,N,00937.071248,E,25.160,195.48,281123,3.82,E
1701185219579143854,152659.54,A,5225.243625,N,00937.070939,E,25.260,195.66,281123,3.82,E
1701185219679087586,152659.64,A,5225.242952,N,00937.070623,E,25.356,195.85,281123,3.82,E
1701185219779121833,152659.74,A,5225.242273,N,00937.070305,E,25.463,196.01,281123,3.82,E
1701185219879086506,152659.84,A,5225.241592,N,00937.069983,E,25.570,196.19,281123,3.82,E
1701185219978577682,152659.94,A,5225.240904,N,00937.069660,E,25.671,196.34,281123,3.82,E
1701185220078458372,152700.04,A,5225.240218,N,00937.069329,E,25.779,196.49,281123,3.82,E
1701185220178463467,152700.14,A,5225.239531,N,00937.068982,E,25.883,196.61,281123,3.82,E
1701185220278630610,152700.24,A,5225.238841,N,00937.068643,E,25.997,196.74,281123,3.82,E
1701185220378488091,152700.34,A,5225.238148,N,00937.068300,E,26.106,196.85,281123,3.82,E
1701185220478606368,152700.44,A,5225.237448,N,00937.067958,E,26.207,196.95,281123,3.82,E
1701185220579277088,152700.54,A,5225.236751,N,00937.067607,E,26.309,197.12,281123,3.82,E
1701185220678687691,152700.64,A,5225.236050,N,00937.067251,E,26.407,197.28,281123,3.82,E
1701185220778794759,152700.74,A,5225.235349,N,00937.066891,E,26.506,197.47,281123,3.82,E
1701185220878479244,152700.84,A,5225.234645,N,00937.066526,E,26.603,197.67,281123,3.82,E
1701185220979181324,152700.94,A,5225.233936,N,00937.066154,E,26.705,197.86,281123,3.82,E
1701185221079211902,152701.04,A,5225.233229,N,00937.065778,E,26.784,198.07,281123,3.82,E
1701185221179121455,152701.14,A,5225.232523,N,00937.065390,E,26.798,198.28,281123,3.82,E
1701185221278460976,152701.24,A,5225.231816,N,00937.065005,E,26.803,198.48,281123,3.82,E
1701185221378437659,152701.34,A,5225.231110,N,00937.064616,E,26.806,198.69,281123,3.82,E
1701185221478478959,152701.44,A,5225.230393,N,00937.064220,E,26.818,198.88,281123,3.82,E
1701185221579244617,152701.54,A,5225.229688,N,00937.063823,E,26.815,199.08,281123,3.82,E
1701185221679156374,152701.64,A,5225.228977,N,00937.063414,E,26.816,199.27,281123,3.82,E
1701185221779168522,152701.74,A,5225.228274,N,00937.063009,E,26.802,199.46,281123,3.82,E
1701185221879127280,152701.84,A,5225.227573,N,00937.062601,E,26.786,199.66,281123,3.82,E
1701185221978524294,152701.94,A,5225.226863,N,00937.062182,E,26.782,199.87,281123,3.82,E
1701185222078457263,152702.04,A,5225.226163,N,00937.061765,E,26.774,200.09,281123,3.82,E
1701185222178688337,152702.14,A,5225.225455,N,00937.061336,E,26.772,200.26,281123,3.82,E
1701185222279171185,152702.24,A,5225.224758,N,00937.060912,E,26.754,200.44,281123,3.82,E
1701185222378569795,152702.34,A,5225.224062,N,00937.060485,E,26.739,200.63,281123,3.82,E
1701185222478540704,152702.44,A,5225.223359,N,00937.060057,E,26.735,200.84,281123,3.82,E
1701185222578454509,152702.54,A,5225.222665,N,00937.059622,E,26.724,201.01,281123,3.82,E
1701185222678599552,152702.64,A,5225.221965,N,00937.059177,E,26.715,201.20,281123,3.82,E
1701185222778458513,152702.74,A,5225.221274,N,00937.058735,E,26.694,201.40,281123,3.82,E
1701185222878579809,152702.84,A,5225.220584,N,00937.058290,E,26.686,201.59,281123,3.82,E
1701185222979176579,152702.94,A,5225.219894,N,00937.057843,E,26.675,201.74,281123,3.82,E
1701185223079185912,152703.04,A,5225.219207,N,00937.057391,E,26.665,201.95,281123,3.82,E
1701185223179156776,152703.14,A,5225.218520,N,00937.056921,E,26.669,202.19,281123,3.82,E
1701185223279074260,152703.24,A,5225.217835,N,00937.056460,E,26.669,202.44,281123,3.82,E
1701185223379098391,152703.34,A,5225.217150,N,00937.055994,E,26.674,202.68,281123,3.82,E
1701185223479098072,152703.44,A,5225.216463,N,00937.055521,E,26.670,202.88,281123,3.82,E
1701185223579093021,152703.54,A,5225.215781,N,00937.055048,E,26.647,203.06,281123,3.82,E
1701185223678508795,152703.64,A,5225.215090,N,00937.054565,E,26.628,203.26,281123,3.82,E
1701185223778510738,152703.74,A,5225.214411,N,00937.054085,E,26.604,203.45,281123,3.82,E
1701185223878481191,152703.84,A,5225.213734,N,00937.053600,E,26.587,203.66,281123,3.82,E
1701185223978439727,152703.94,A,5225.213062,N,00937.053104,E,26.570,203.92,281123,3.82,E
1701185224078580614,152704.04,A,5225.212388,N,00937.052610,E,26.560,204.25,281123,3.82,E
1701185224179441064,152704.14,A,5225.211706,N,00937.052115,E,26.565,204.51,281123,3.82,E
1701185224278455927,152704.24,A,5225.211035,N,00937.051610,E,26.560,204.84,281123,3.82,E
1701185224378810862,152704.34,A,5225.210367,N,00937.051098,E,26.555,205.22,281123,3.82,E
1701185224478468170,152704.44,A,5225.209700,N,00937.050575,E,26.561,205.59,281123,3.82,E
1701185224578580955,152704.54,A,5225.209036,N,00937.050049,E,26.557,205.99,281123,3.82,E
1701185224679332212,152704.64,A,5225.208370,N,00937.049521,E,26.555,206.41,281123,3.82,E
1701185224778491072,152704.74,A,5225.207710,N,00937.048979,E,26.555,206.83,281123,3.82,E
1701185224878626652,152704.84,A,5225.207053,N,00937.048429,E,26.550,207.28,281123,3.82,E
1701185224978451473,152704.94,A,5225.206395,N,00937.047886,E,26.547,207.66,281123,3.82,E
1701185225079211821,152705.04,A,5225.205743,N,00937.047321,E,26.542,208.09,281123,3.82,E
1701185225179210567,152705.14,A,5225.205093,N,00937.046750,E,26.519,208.51,281123,3.82,E
1701185225279122587,152705.24,A,5225.204447,N,00937.046170,E,26.482,208.90,281123,3.82,E
1701185225379157461,152705.34,A,5225.203804,N,00937.045583,E,26.438,209.29,281123,3.82,E
1701185225479087239,152705.44,A,5225.203155,N,00937.044998,E,26.401,209.57,281123,3.82,E
1701185225579093836,152705.54,A,5225.202519,N,00937.044402,E,26.355,209.85,281123,3.82,E
1701185225679115443,152705.64,A,5225.201881,N,00937.043803,E,26.306,210.14,281123,3.82,E
1701185225779138628,152705.74,A,5225.201250,N,00937.043200,E,26.233,210.42,281123,3.82,E
1701185225879046223,152705.84,A,5225.200624,N,00937.042593,E,26.142,210.72,281123,3.82,E
1701185225978447892,152705.94,A,5225.199995,N,00937.041983,E,26.044,211.01,281123,3.82,E
1701185226078628051,152706.04,A,5225.199377,N,00937.041371,E,25.935,211.32,281123,3.82,E
1701185226178497205,152706.14,A,5225.198751,N,00937.040764,E,25.821,211.64,281123,3.82,E
1701185226278513907,152706.24,A,5225.198144,N,00937.040144,E,25.685,212.08,281123,3.82,E
1701185226379397524,152706.34,A,5225.197542,N,00937.039521,E,25.535,212.48,281123,3.82,E
1701185226478512774,152706.44,A,5225.196930,N,00937.038894,E,25.387,212.88,281123,3.82,E
1701185226578564731,152706.54,A,5225.196341,N,00937.038265,E,25.219,213.27,281123,3.82,E
1701185226679181023,152706.64,A,5225.195763,N,00937.037619,E,25.047,213.70,281123,3.82,E
1701185226778823174,152706.74,A,5225.195187,N,00937.036985,E,24.884,214.07,281123,3.82,E
1701185226878538493,152706.84,A,5225.194617,N,00937.036349,E,24.733,214.44,281123,3.82,E
1701185226978496743,152706.94,A,5225.194048,N,00937.035703,E,24.587,214.68,281123,3.82,E
1701185227079292303,152707.04,A,5225.193489,N,00937.035065,E,24.420,214.96,281123,3.82,E
1701185227178476671,152707.14,A,5225.192947,N,00937.034411,E,24.274,215.32,281123,3.82,E
1701185227278459741,152707.24,A,5225.192399,N,00937.033771,E,24.127,215.61,281123,3.82,E
1701185227379283698,152707.34,A,5225.191856,N,00937.033132,E,23.967,215.76,281123,3.82,E
1701185227479185448,152707.44,A,5225.191312,N,00937.032490,E,23.817,215.83,281123,3.82,E
1701185227579155571,152707.54,A,5225.190777,N,00937.031857,E,23.654,215.82,281123,3.82,E
1701185227679123399,152707.64,A,5225.190253,N,00937.031207,E,23.493,215.86,281123,3.82,E
1701185227779106411,152707.74,A,5225.189726,N,00937.030581,E,23.333,215.90,281123,3.82,E
1701185227878512252,152707.84,A,5225.189202,N,00937.029962,E,23.166,215.77,281123,3.82,E
1701185227978469309,152707.94,A,5225.188689,N,00937.029333,E,23.000,215.78,281123,3.82,E
1701185228079335361,152708.04,A,5225.188172,N,00937.028723,E,22.821,215.64,281123,3.82,E
1701185228178507859,152708.14,A,5225.187669,N,00937.028104,E,22.646,215.65,281123,3.82,E
1701185228278585437,152708.24,A,5225.187160,N,00937.027505,E,22.464,215.62,281123,3.82,E
1701185228378495259,152708.34,A,5225.186654,N,00937.026912,E,22.290,215.50,281123,3.82,E
1701185228478898890,152708.44,A,5225.186160,N,00937.026305,E,22.111,215.47,281123,3.82,E
1701185228578528725,152708.54,A,5225.185661,N,00937.025723,E,21.930,215.40,281123,3.82,E
1701185228678494190,152708.64,A,5225.185177,N,00937.025149,E,21.732,215.29,281123,3.82,E
1701185228778590543,152708.74,A,5225.184686,N,00937.024581,E,21.541,215.18,281123,3.82,E
1701185228878518209,152708.84,A,5225.184198,N,00937.024018,E,21.349,215.07,281123,3.82,E
1701185228978509195,152708.94,A,5225.183722,N,00937.023457,E,21.155,214.91,281123,3.82,E
1701185229079150921,152709.04,A,5225.183242,N,00937.022908,E,20.961,214.84,281123,3.82,E
1701185229179103174,152709.14,A,5225.182776,N,00937.022360,E,20.758,214.73,281123,3.82,E
1701185229279096376,152709.24,A,5225.182304,N,00937.021825,E,20.549,214.54,281123,3.82,E
1701185229379124783,152709.34,A,5225.181835,N,00937.021298,E,20.348,214.40,281123,3.82,E
1701185229478487993,152709.44,A,5225.181374,N,00937.020765,E,20.149,214.32,281123,3.82,E
1701185229578448839,152709.54,A,5225.180914,N,00937.020251,E,19.949,214.15,281123,3.82,E
1701185229678456215,152709.64,A,5225.180481,N,00937.019706,E,19.739,214.22,281123,3.82,E
1701185229779146612,152709.74,A,5225.180030,N,00937.019204,E,19.522,214.15,281123,3.82,E
1701185229879099238,152709.84,A,5225.179584,N,00937.018707,E,19.315,214.19,281123,3.82,E
1701185229978548986,152709.94,A,5225.179156,N,00937.018214,E,19.118,214.27,281123,3.82,E
1701185230078460088,152710.04,A,5225.178719,N,00937.017726,E,18.909,214.15,281123,3.82,E
1701185230178638902,152710.14,A,5225.178287,N,00937.017251,E,18.711,214.16,281123,3.82,E
1701185230279115670,152710.24,A,5225.177860,N,00937.016774,E,18.495,214.28,281123,3.82,E
1701185230378563605,152710.34,A,5225.177437,N,00937.016302,E,18.294,214.25,281123,3.82,E
1701185230478637734,152710.44,A,5225.177031,N,00937.015823,E,18.088,214.21,281123,3.82,E
1701185230579247360,152710.54,A,5225.176617,N,00937.015362,E,17.902,214.30,281123,3.82,E
1701185230678713930,152710.64,A,5225.176213,N,00937.014917,E,17.711,214.33,281123,3.82,E
1701185230778448351,152710.74,A,5225.175809,N,00937.014465,E,17.490,214.30,281123,3.82,E
1701185230878503896,152710.84,A,5225.175410,N,00937.014019,E,17.243,214.41,281123,3.82,E
1701185230979195499,152710.94,A,5225.175020,N,00937.013592,E,17.001,214.55,281123,3.82,E
1701185231079212886,152711.04,A,5225.174633,N,00937.013156,E,16.775,214.57,281123,3.82,E
1701185231179166468,152711.14,A,5225.174247,N,00937.012734,E,16.571,214.58,281123,3.82,E
1701185231279156644,152711.24,A,5225.173870,N,00937.012307,E,16.391,214.69,281123,3.82,E
1701185231379147869,152711.34,A,5225.173497,N,00937.011884,E,16.217,214.70,281123,3.82,E
1701185231479127024,152711.44,A,5225.173142,N,00937.011473,E,16.017,214.73,281123,3.82,E
1701185231579116000,152711.54,A,5225.172778,N,00937.011060,E,15.815,214.69,281123,3.82,E
1701185231679104617,152711.64,A,5225.172422,N,00937.010657,E,15.622,214.74,281123,3.82,E
1701185231779096206,152711.74,A,5225.172068,N,00937.010253,E,15.432,214.91,281123,3.82,E
1701185231878480757,152711.84,A,5225.171718,N,00937.009853,E,15.249,214.96,281123,3.82,E
1701185231978506927,152711.94,A,5225.171380,N,00937.009481,E,15.054,215.00,281123,3.82,E
1701185232078651753,152712.04,A,5225.171039,N,00937.009090,E,14.880,215.05,281123,3.82,E
1701185232178599412,152712.14,A,5225.170702,N,00937.008726,E,14.689,215.20,281123,3.82,E
1701185232279089675,152712.24,A,5225.170372,N,00937.008340,E,14.516,215.78,281123,3.82,E
1701185232378933873,152712.34,A,5225.170047,N,00937.007955,E,14.344,215.83,281123,3.82,E
1701185232478460144,152712.44,A,5225.169724,N,00937.007599,E,14.173,215.88,281123,3.82,E
1701185232578492004,152712.54,A,5225.169407,N,00937.007221,E,14.002,216.26,281123,3.82,E
1701185232678575733,152712.64,A,5225.169096,N,00937.006856,E,13.852,216.48,281123,3.82,E
1701185232778469376,152712.74,A,5225.168788,N,00937.006482,E,13.714,216.56,281123,3.82,E
1701185232878524521,152712.84,A,5225.168484,N,00937.006111,E,13.614,216.71,281123,3.82,E
1701185232978518186,152712.94,A,5225.168196,N,00937.005753,E,13.509,216.85,281123,3.82,E
1701185233078405339,152713.04,A,5225.167897,N,00937.005384,E,13.424,217.10,281123,3.82,E
1701185233178416360,152713.14,A,5225.167608,N,00937.005039,E,13.315,217.15,281123,3.82,E
1701185233279256368,152713.24,A,5225.167315,N,00937.004673,E,13.234,217.39,281123,3.82,E
1701185233379141141,152713.34,A,5225.167024,N,00937.004308,E,13.158,217.47,281123,3.82,E
1701185233479228980,152713.44,A,5225.166743,N,00937.003964,E,13.082,217.55,281123,3.82,E
1701185233579102563,152713.54,A,5225.166456,N,00937.003601,E,13.010,217.68,281123,3.82,E
1701185233679128790,152713.64,A,5225.166186,N,00937.003258,E,12.926,217.86,281123,3.82,E
1701185233779100312,152713.74,A,5225.165903,N,00937.002898,E,12.850,217.83,281123,3.82,E
1701185233879100841,152713.84,A,5225.165622,N,00937.002540,E,12.766,217.89,281123,3.82,E
1701185233979100546,152713.94,A,5225.165355,N,00937.002204,E,12.675,218.07,281123,3.82,E
1701185234078606589,152714.04,A,5225.165079,N,00937.001849,E,12.596,218.16,281123,3.82,E
1701185234178437873,152714.14,A,5225.164817,N,00937.001516,E,12.500,218.10,281123,3.82,E
1701185234278531695,152714.24,A,5225.164545,N,00937.001165,E,12.420,218.28,281123,3.82,E
1701185234378630574,152714.34,A,5225.164275,N,00937.000815,E,12.332,218.44,281123,3.82,E
1701185234478517445,152714.44,A,5225.164018,N,00937.000483,E,12.232,218.54,281123,3.82,E
1701185234578618462,152714.54,A,5225.163753,N,00937.000137,E,12.154,218.59,281123,3.82,E
1701185234679170248,152714.64,A,5225.163502,N,00936.999807,E,12.059,218.63,281123,3.82,E
1701185234778687101,152714.74,A,5225.163242,N,00936.999464,E,11.970,218.80,281123,3.82,E
1701185234878470742,152714.84,A,5225.162984,N,00936.999124,E,11.884,218.84,281123,3.82,E
1701185234978540464,152714.94,A,5225.162738,N,00936.998801,E,11.789,218.97,281123,3.82,E
1701185235079207927,152715.04,A,5225.162484,N,00936.998464,E,11.698,218.99,281123,3.82,E
1701185235179087819,152715.14,A,5225.162240,N,00936.998143,E,11.608,219.00,281123,3.82,E
1701185235279098277,152715.24,A,5225.161990,N,00936.997811,E,11.521,219.10,281123,3.82,E
1701185235378413963,152715.34,A,5225.161743,N,00936.997481,E,11.433,219.03,281123,3.82,E
1701185235478412191,152715.44,A,5225.161507,N,00936.997171,E,11.339,218.99,281123,3.82,E
1701185235579211098,152715.54,A,5225.161263,N,00936.996847,E,11.248,219.04,281123,3.82,E
1701185235678554929,152715.64,A,5225.161031,N,00936.996537,E,11.155,219.12,281123,3.82,E
1701185235778502658,152715.74,A,5225.160791,N,00936.996218,E,11.066,219.11,281123,3.82,E
1701185235878494493,152715.84,A,5225.160554,N,00936.995901,E,10.984,219.10,281123,3.82,E
1701185235978476365,152715.94,A,5225.160326,N,00936.995599,E,10.896,219.00,281123,3.82,E
1701185236078503367,152716.04,A,5225.160092,N,00936.995288,E,10.806,219.11,281123,3.82,E
1701185236178451131,152716.14,A,5225.159868,N,00936.994991,E,10.717,219.20,281123,3.82,E
1701185236278578937,152716.24,A,5225.159638,N,00936.994684,E,10.628,219.19,281123,3.82,E
1701185236378469374,152716.34,A,5225.159410,N,00936.994379,E,10.540,219.14,281123,3.82,E
1701185236478544863,152716.44,A,5225.159191,N,00936.994092,E,10.441,219.11,281123,3.82,E
1701185236578457684,152716.54,A,5225.158967,N,00936.993793,E,10.360,219.11,281123,3.82,E
1701185236678549051,152716.64,A,5225.158752,N,00936.993510,E,10.270,219.15,281123,3.82,E
1701185236778900564,152716.74,A,5225.158532,N,00936.993215,E,10.187,219.22,281123,3.82,E
1701185236878450194,152716.84,A,5225.158314,N,00936.992924,E,10.100,219.13,281123,3.82,E
1701185236978460274,152716.94,A,5225.158105,N,00936.992647,E,10.013,219.14,281123,3.82,E
1701185237078470548,152717.04,A,5225.157890,N,00936.992360,E,9.931,219.17,281123,3.82,E
1701185237178460891,152717.14,A,5225.157685,N,00936.992088,E,9.841,219.31,281123,3.82,E
1701185237278497500,152717.24,A,5225.157474,N,00936.991805,E,9.757,219.22,281123,3.82,E
1701185237378458881,152717.34,A,5225.157265,N,00936.991525,E,9.676,219.20,281123,3.82,E
1701185237478437308,152717.44,A,5225.157063,N,00936.991259,E,9.591,219.16,281123,3.82,E
1701185237578439163,152717.54,A,5225.156857,N,00936.990984,E,9.509,219.29,281123,3.82,E
1701185237678429086,152717.64,A,5225.156658,N,00936.990723,E,9.416,219.23,281123,3.82,E
1701185237778403263,152717.74,A,5225.156457,N,00936.990453,E,9.336,219.30,281123,3.82,E
1701185237878428687,152717.84,A,5225.156257,N,00936.990185,E,9.252,219.28,281123,3.82,E
1701185237978779519,152717.94,A,5225.156068,N,00936.989931,E,9.156,219.30,281123,3.82,E
1701185238078458865,152718.04,A,5225.155872,N,00936.989668,E,9.069,219.26,281123,3.82,E
1701185238178514608,152718.14,A,5225.155684,N,00936.989417,E,8.985,219.24,281123,3.82,E
1701185238278425225,152718.24,A,5225.155491,N,00936.989159,E,8.893,219.38,281123,3.82,E
1701185238378465089,152718.34,A,5225.155302,N,00936.988902,E,8.796,219.58,281123,3.82,E
1701185238478629666,152718.44,A,5225.155120,N,00936.988660,E,8.697,219.60,281123,3.82,E
1701185238578586050,152718.54,A,5225.154935,N,00936.988409,E,8.595,219.65,281123,3.82,E
1701185238679085860,152718.64,A,5225.154758,N,00936.988170,E,8.493,219.51,281123,3.82,E
1701185238778442086,152718.74,A,5225.154577,N,00936.987926,E,8.396,219.59,281123,3.82,E
1701185238878476372,152718.84,A,5225.154398,N,00936.987683,E,8.299,219.81,281123,3.82,E
1701185238978599305,152718.94,A,5225.154226,N,00936.987451,E,8.199,219.85,281123,3.82,E
1701185239078465868,152719.04,A,5225.154052,N,00936.987214,E,8.100,219.73,281123,3.82,E
1701185239178458102,152719.14,A,5225.153884,N,00936.986990,E,8.000,219.70,281123,3.82,E
1701185239278474528,152719.24,A,5225.153714,N,00936.986758,E,7.902,219.75,281123,3.82,E
1701185239378488112,152719.34,A,5225.153547,N,00936.986529,E,7.803,219.86,281123,3.82,E
1701185239478520047,152719.44,A,5225.153386,N,00936.986311,E,7.702,219.93,281123,3.82,E
1701185239578493576,152719.54,A,5225.153223,N,00936.986087,E,7.604,219.95,281123,3.82,E
1701185239678491231,152719.64,A,5225.153067,N,00936.985871,E,7.510,219.97,281123,3.82,E
1701185239778479791,152719.74,A,5225.152908,N,00936.985652,E,7.410,219.94,281123,3.82,E
1701185239878539660,152719.84,A,5225.152751,N,00936.985437,E,7.315,220.00,281123,3.82,E
1701185239978463785,152719.94,A,5225.152601,N,00936.985235,E,7.213,220.08,281123,3.82,E
1701185240078511371,152720.04,A,5225.152449,N,00936.985025,E,7.110,220.09,281123,3.82,E
1701185240178555034,152720.14,A,5225.152300,N,00936.984829,E,7.012,220.04,281123,3.82,E
1701185240278376720,152720.24,A,5225.152152,N,00936.984625,E,6.917,220.04,281123,3.82,E
1701185240378846618,152720.34,A,5225.152006,N,00936.984423,E,6.820,220.14,281123,3.82,E
1701185240478437630,152720.44,A,5225.151867,N,00936.984236,E,6.719,220.07,281123,3.82,E
1701185240578455812,152720.54,A,5225.151725,N,00936.984041,E,6.632,220.09,281123,3.82,E
1701185240678574973,152720.64,A,5225.151591,N,00936.983853,E,6.540,220.20,281123,3.82,E
1701185240778457559,152720.74,A,5225.151454,N,00936.983662,E,6.429,220.25,281123,3.82,E
1701185240878612262,152720.84,A,5225.151319,N,00936.983475,E,6.296,220.19,281123,3.82,E
1701185240978522546,152720.94,A,5225.151186,N,00936.983303,E,6.149,220.04,281123,3.82,E
1701185241078435971,152721.04,A,5225.151057,N,00936.983125,E,6.002,220.26,281123,3.82,E
1701185241178436400,152721.14,A,5225.150935,N,00936.982952,E,5.861,220.31,281123,3.82,E
1701185241278481127,152721.24,A,5225.150813,N,00936.982781,E,5.715,220.31,281123,3.82,E
1701185241378420723,152721.34,A,5225.150693,N,00936.982615,E,5.574,220.28,281123,3.82,E
1701185241478523058,152721.44,A,5225.150577,N,00936.982454,E,5.452,220.24,281123,3.82,E
1701185241578480448,152721.54,A,5225.150463,N,00936.982295,E,5.327,220.22,281123,3.82,E
1701185241678464999,152721.64,A,5225.150350,N,00936.982152,E,5.203,220.39,281123,3.82,E
1701185241778470854,152721.74,A,5225.150241,N,00936.982000,E,5.090,220.48,281123,3.82,E
1701185241878465583,152721.84,A,5225.150135,N,00936.981851,E,4.987,220.20,281123,3.82,E
1701185241978476946,152721.94,A,5225.150034,N,00936.981713,E,4.883,220.31,281123,3.82,E
1701185242078639050,152722.04,A,5225.149931,N,00936.981571,E,4.781,220.38,281123,3.82,E
1701185242178486824,152722.14,A,5225.149835,N,00936.981444,E,4.685,220.30,281123,3.82,E
1701185242278456313,152722.24,A,5225.149737,N,00936.981307,E,4.593,220.28,281123,3.82,E
1701185242378509041,152722.34,A,5225.149640,N,00936.981173,E,4.504,220.32,281123,3.82,E
1701185242478470046,152722.44,A,5225.149552,N,00936.981052,E,4.409,220.27,281123,3.82,E
1701185242578667754,152722.54,A,5225.149460,N,00936.980923,E,4.324,220.33,281123,3.82,E
1701185242678459044,152722.64,A,5225.149374,N,00936.980805,E,4.236,220.37,281123,3.82,E
1701185242778606583,152722.74,A,5225.149285,N,00936.980681,E,4.163,220.50,281123,3.82,E
1701185242878613895,152722.84,A,5225.149198,N,00936.980558,E,4.141,220.50,281123,3.82,E
1701185242978518979,152722.94,A,5225.149113,N,00936.980449,E,4.123,220.29,281123,3.82,E
1701185243078501920,152723.04,A,5225.149026,N,00936.980328,E,4.118,220.27,281123,3.82,E
1701185243178515517,152723.14,A,5225.148949,N,00936.980220,E,4.108,220.40,281123,3.82,E
1701185243278491961,152723.24,A,5225.148862,N,00936.980099,E,4.105,220.25,281123,3.82,E
1701185243378453036,152723.34,A,5225.148774,N,00936.979978,E,4.112,220.18,281123,3.82,E
1701185243478467386,152723.44,A,5225.148697,N,00936.979869,E,4.123,220.38,281123,3.82,E
1701185243578456080,152723.54,A,5225.148610,N,00936.979747,E,4.152,220.40,281123,3.82,E
1701185243678458602,152723.64,A,5225.148528,N,00936.979643,E,4.177,220.15,281123,3.82,E
1701185243778481350,152723.74,A,5225.148439,N,00936.979520,E,4.221,220.10,281123,3.82,E
1701185243878453927,152723.84,A,5225.148349,N,00936.979395,E,4.271,220.11,281123,3.82,E
1701185243978473131,152723.94,A,5225.148270,N,00936.979287,E,4.312,220.02,281123,3.82,E
1701185244078521937,152724.04,A,5225.148177,N,00936.979160,E,4.375,220.12,281123,3.82,E
1701185244178491848,152724.14,A,5225.148098,N,00936.979045,E,4.420,220.18,281123,3.82,E
1701185244278600769,152724.24,A,5225.148003,N,00936.978915,E,4.477,219.97,281123,3.82,E
1701185244378492070,152724.34,A,5225.147907,N,00936.978782,E,4.527,220.22,281123,3.82,E
1701185244478577445,152724.44,A,5225.147823,N,00936.978661,E,4.497,220.38,281123,3.82,E
1701185244578694599,152724.54,A,5225.147729,N,00936.978529,E,4.421,220.22,281123,3.82,E
1701185244678556638,152724.64,A,5225.147638,N,00936.978404,E,4.338,220.22,281123,3.82,E
1701185244778797025,152724.74,A,5225.147547,N,00936.978278,E,4.265,220.37,281123,3.82,E
1701185244878476410,152724.84,A,5225.147457,N,00936.978152,E,4.222,220.41,281123,3.82,E
1701185244978560953,152724.94,A,5225.147369,N,00936.978030,E,4.197,220.26,281123,3.82,E
1701185245078418597,152725.04,A,5225.147280,N,00936.977907,E,4.181,220.37,281123,3.82,E
1701185245178492125,152725.14,A,5225.147195,N,00936.977790,E,4.162,220.26,281123,3.82,E
1701185245278519341,152725.24,A,5225.147107,N,00936.977668,E,4.139,220.08,281123,3.82,E
1701185245378513993,152725.34,A,5225.147019,N,00936.977547,E,4.137,220.30,281123,3.82,E
1701185245478552622,152725.44,A,5225.146937,N,00936.977429,E,4.134,220.38,281123,3.82,E
1701185245578525359,152725.54,A,5225.146850,N,00936.977307,E,4.124,220.54,281123,3.82,E
1701185245678551652,152725.64,A,5225.146765,N,00936.977196,E,4.103,220.34,281123,3.82,E
1701185245778530352,152725.74,A,5225.146678,N,00936.977075,E,4.082,220.25,281123,3.82,E
1701185245878452733,152725.84,A,5225.146592,N,00936.976955,E,4.057,220.33,281123,3.82,E
1701185245978585901,152725.94,A,5225.146511,N,00936.976839,E,4.030,220.36,281123,3.82,E
1701185246078450215,152726.04,A,5225.146425,N,00936.976720,E,4.009,220.18,281123,3.82,E
1701185246178531119,152726.14,A,5225.146343,N,00936.976606,E,3.983,220.34,281123,3.82,E
1701185246278630632,152726.24,A,5225.146259,N,00936.976489,E,3.948,220.36,281123,3.82,E
1701185246378598037,152726.34,A,5225.146176,N,00936.976373,E,3.905,220.49,281123,3.82,E
1701185246478593789,152726.44,A,5225.146091,N,00936.976267,E,3.865,220.39,281123,3.82,E
1701185246578622956,152726.54,A,5225.146009,N,00936.976154,E,3.825,220.11,281123,3.82,E
1701185246678642831,152726.64,A,5225.145930,N,00936.976046,E,3.780,220.12,281123,3.82,E
1701185246778449711,152726.74,A,5225.145851,N,00936.975935,E,3.736,220.16,281123,3.82,E
1701185246878509954,152726.84,A,5225.145772,N,00936.975826,E,3.698,220.41,281123,3.82,E
1701185246978512123,152726.94,A,5225.145692,N,00936.975720,E,3.662,220.23,281123,3.82,E
1701185247078418646,152727.04,A,5225.145615,N,00936.975614,E,3.619,219.85,281123,3.82,E
1701185247178472978,152727.14,A,5225.145540,N,00936.975512,E,3.580,220.17,281123,3.82,E
1701185247278475158,152727.24,A,5225.145464,N,00936.975406,E,3.546,220.54,281123,3.82,E
1701185247378423469,152727.34,A,5225.145390,N,00936.975302,E,3.501,220.38,281123,3.82,E
1701185247478415580,152727.44,A,5225.145317,N,00936.975201,E,3.456,220.07,281123,3.82,E
1701185247578418082,152727.54,A,5225.145243,N,00936.975100,E,3.415,219.96,281123,3.82,E
1701185247678446354,152727.64,A,5225.145169,N,00936.975000,E,3.381,220.17,281123,3.82,E
1701185247778445952,152727.74,A,5225.145098,N,00936.974902,E,3.336,220.16,281123,3.82,E
1701185247878453520,152727.84,A,5225.145028,N,00936.974804,E,3.289,220.16,281123,3.82,E
1701185247978496779,152727.94,A,5225.144958,N,00936.974711,E,3.247,220.13,281123,3.82,E
1701185248078457866,152728.04,A,5225.144889,N,00936.974616,E,3.210,219.87,281123,3.82,E
1701185248178547708,152728.14,A,5225.144822,N,00936.974523,E,3.182,220.01,281123,3.82,E
1701185248278506639,152728.24,A,5225.144755,N,00936.974430,E,3.158,220.35,281123,3.82,E
1701185248378621705,152728.34,A,5225.144688,N,00936.974337,E,3.140,220.13,281123,3.82,E
1701185248478467334,152728.44,A,5225.144620,N,00936.974252,E,3.127,219.95,281123,3.82,E
1701185248578499359,152728.54,A,5225.144554,N,00936.974161,E,3.117,220.04,281123,3.82,E
1701185248678734368,152728.64,A,5225.144491,N,00936.974073,E,3.110,220.08,281123,3.82,E
1701185248778502023,152728.74,A,5225.144425,N,00936.973982,E,3.113,220.05,281123,3.82,E
1701185248878541401,152728.84,A,5225.144359,N,00936.973891,E,3.132,220.04,281123,3.82,E
1701185248978523034,152728.94,A,5225.144292,N,00936.973801,E,3.157,220.12,281123,3.82,E
1701185249078486949,152729.04,A,5225.144225,N,00936.973708,E,3.175,220.07,281123,3.82,E
1701185249178449052,152729.14,A,5225.144161,N,00936.973619,E,3.189,220.07,281123,3.82,E
1701185249278454351,152729.24,A,5225.144093,N,00936.973526,E,3.211,219.92,281123,3.82,E
1701185249378443774,152729.34,A,5225.144024,N,00936.973431,E,3.228,220.11,281123,3.82,E
1701185249478483067,152729.44,A,5225.143959,N,00936.973339,E,3.226,219.97,281123,3.82,E
1701185249578438351,152729.54,A,5225.143890,N,00936.973245,E,3.204,220.00,281123,3.82,E
1701185249678444160,152729.64,A,5225.143825,N,00936.973153,E,3.176,220.01,281123,3.82,E
1701185249778456288,152729.74,A,5225.143758,N,00936.973060,E,3.143,219.94,281123,3.82,E
1701185249878466148,152729.84,A,5225.143691,N,00936.972969,E,3.110,220.03,281123,3.82,E
1701185249978487230,152729.94,A,5225.143625,N,00936.972879,E,3.077,219.89,281123,3.82,E
1701185250078564572,152730.04,A,5225.143559,N,00936.972790,E,3.048,219.82,281123,3.82,E
1701185250178466301,152730.14,A,5225.143494,N,00936.972697,E,3.025,220.05,281123,3.82,E
1701185250278450181,152730.24,A,5225.143430,N,00936.972609,E,2.988,219.94,281123,3.82,E
1701185250378555216,152730.34,A,5225.143367,N,00936.972522,E,2.952,219.82,281123,3.82,E
1701185250478481275,152730.44,A,5225.143304,N,00936.972437,E,2.925,219.79,281123,3.82,E
1701185250578586397,152730.54,A,5225.143242,N,00936.972352,E,2.905,219.81,281123,3.82,E
1701185250678475808,152730.64,A,5225.143179,N,00936.972269,E,2.884,219.89,281123,3.82,E
1701185250778585182,152730.74,A,5225.143118,N,00936.972185,E,2.865,219.84,281123,3.82,E
1701185250878577304,152730.84,A,5225.143057,N,00936.972101,E,2.853,219.77,281123,3.82,E
1701185250978506481,152730.94,A,5225.142998,N,00936.972014,E,2.841,219.73,281123,3.82,E
1701185251078430480,152731.04,A,5225.142937,N,00936.971931,E,2.832,219.90,281123,3.82,E
1701185251178443397,152731.14,A,5225.142878,N,00936.971849,E,2.832,219.89,281123,3.82,E
1701185251278415400,152731.24,A,5225.142817,N,00936.971767,E,2.841,219.70,281123,3.82,E
1701185251378442833,152731.34,A,5225.142757,N,00936.971684,E,2.856,219.85,281123,3.82,E
1701185251478463493,152731.44,A,5225.142698,N,00936.971601,E,2.875,219.84,281123,3.82,E
1701185251578433747,152731.54,A,5225.142636,N,00936.971516,E,2.894,219.82,281123,3.82,E
1701185251678434254,152731.64,A,5225.142576,N,00936.971431,E,2.916,219.71,281123,3.82,E
1701185251778417080,152731.74,A,5225.142513,N,00936.971346,E,2.943,219.58,281123,3.82,E
1701185251878551226,152731.84,A,5225.142450,N,00936.971261,E,2.968,219.63,281123,3.82,E
1701185251978502495,152731.94,A,5225.142390,N,00936.971176,E,2.988,219.92,281123,3.82,E
1701185252078567986,152732.04,A,5225.142326,N,00936.971089,E,3.007,219.80,281123,3.82,E
1701185252178481768,152732.14,A,5225.142266,N,00936.971002,E,3.027,219.69,281123,3.82,E
1701185252278594686,152732.24,A,5225.142201,N,00936.970914,E,3.044,219.63,281123,3.82,E
1701185252378484727,152732.34,A,5225.142136,N,00936.970825,E,3.064,219.85,281123,3.82,E
1701185252478560855,152732.44,A,5225.142071,N,00936.970735,E,3.083,219.87,281123,3.82,E
1701185252578583664,152732.54,A,5225.142005,N,00936.970645,E,3.093,219.85,281123,3.82,E
1701185252678519115,152732.64,A,5225.141940,N,00936.970553,E,3.110,219.94,281123,3.82,E
1701185252778686554,152732.74,A,5225.141873,N,00936.970462,E,3.118,219.77,281123,3.82,E
1701185252878492428,152732.84,A,5225.141807,N,00936.970371,E,3.126,219.42,281123,3.82,E
1701185252978532270,152732.94,A,5225.141740,N,00936.970282,E,3.131,219.59,281123,3.82,E
1701185253078518179,152733.04,A,5225.141673,N,00936.970191,E,3.127,219.88,281123,3.82,E
1701185253178510197,152733.14,A,5225.141606,N,00936.970099,E,3.122,219.86,281123,3.82,E
1701185253278454981,152733.24,A,5225.141539,N,00936.970008,E,3.117,219.70,281123,3.82,E
1701185253378455610,152733.34,A,5225.141473,N,00936.969917,E,3.113,219.53,281123,3.82,E
1701185253478459186,152733.44,A,5225.141410,N,00936.969820,E,3.116,219.62,281123,3.82,E
1701185253578462378,152733.54,A,5225.141344,N,00936.969729,E,3.112,219.81,281123,3.82,E
1701185253678459640,152733.64,A,5225.141276,N,00936.969633,E,3.114,220.04,281123,3.82,E
1701185253778477411,152733.74,A,5225.141210,N,00936.969542,E,3.114,219.85,281123,3.82,E
1701185253878447853,152733.84,A,5225.141143,N,00936.969451,E,3.113,219.65,281123,3.82,E
1701185253978645242,152733.94,A,5225.141077,N,00936.969357,E,3.110,219.83,281123,3.82,E
1701185254078390118,152734.04,A,5225.141011,N,00936.969267,E,3.103,219.88,281123,3.82,E
1701185254178549574,152734.14,A,5225.140947,N,00936.969173,E,3.090,220.01,281123,3.82,E
1701185254278478461,152734.24,A,5225.140881,N,00936.969083,E,3.076,219.87,281123,3.82,E
1701185254378503390,152734.34,A,5225.140816,N,00936.968993,E,3.060,219.85,281123,3.82,E
1701185254478652002,152734.44,A,5225.140750,N,00936.968899,E,3.057,219.81,281123,3.82,E
1701185254578496810,152734.54,A,5225.140685,N,00936.968810,E,3.039,219.73,281123,3.82,E
1701185254678606081,152734.64,A,5225.140620,N,00936.968717,E,3.035,220.02,281123,3.82,E
1701185254778926399,152734.74,A,5225.140556,N,00936.968628,E,3.030,220.11,281123,3.82,E
1701185254878442826,152734.84,A,5225.140492,N,00936.968539,E,3.020,219.93,281123,3.82,E
1701185254978481387,152734.94,A,5225.140428,N,00936.968449,E,3.013,220.11,281123,3.82,E
1701185255078422027,152735.04,A,5225.140364,N,00936.968361,E,3.000,220.09,281123,3.82,E
1701185255178407054,152735.14,A,5225.140297,N,00936.968270,E,2.995,219.84,281123,3.82,E
1701185255278430887,152735.24,A,5225.140233,N,00936.968183,E,2.980,219.69,281123,3.82,E
1701185255378402085,152735.34,A,5225.140170,N,00936.968097,E,2.958,220.08,281123,3.82,E
1701185255478422120,152735.44,A,5225.140109,N,00936.968007,E,2.940,220.12,281123,3.82,E
1701185255578414099,152735.54,A,5225.140047,N,00936.967922,E,2.920,219.83,281123,3.82,E
1701185255678427492,152735.64,A,5225.139986,N,00936.967830,E,2.904,219.86,281123,3.82,E
1701185255778427468,152735.74,A,5225.139925,N,00936.967745,E,2.891,220.16,281123,3.82,E
1701185255878419063,152735.84,A,5225.139864,N,00936.967660,E,2.870,220.00,281123,3.82,E
1701185255978458832,152735.94,A,5225.139801,N,00936.967570,E,2.853,220.03,281123,3.82,E
1701185256078455092,152736.04,A,5225.139741,N,00936.967486,E,2.833,219.97,281123,3.82,E
1701185256178657984,152736.14,A,5225.139680,N,00936.967404,E,2.812,219.98,281123,3.82,E
1701185256278478180,152736.24,A,5225.139620,N,00936.967322,E,2.799,219.96,281123,3.82,E
1701185256378576614,152736.34,A,5225.139561,N,00936.967240,E,2.784,220.01,281123,3.82,E
1701185256478563875,152736.44,A,5225.139503,N,00936.967162,E,2.772,220.08,281123,3.82,E
1701185256578511760,152736.54,A,5225.139444,N,00936.967081,E,2.755,220.03,281123,3.82,E
1701185256679085845,152736.64,A,5225.139385,N,00936.966995,E,2.740,220.23,281123,3.82,E
1701185256778475996,152736.74,A,5225.139327,N,00936.966915,E,2.720,220.30,281123,3.82,E
1701185256878488522,152736.84,A,5225.139269,N,00936.966835,E,2.694,220.10,281123,3.82,E
1701185256978538911,152736.94,A,5225.139212,N,00936.966754,E,2.673,220.01,281123,3.82,E
1701185257078467939,152737.04,A,5225.139155,N,00936.966676,E,2.655,220.10,281123,3.82,E
1701185257178493240,152737.14,A,5225.139100,N,00936.966595,E,2.635,220.14,281123,3.82,E
1701185257278515662,152737.24,A,5225.139044,N,00936.966519,E,2.609,219.99,281123,3.82,E
1701185257378433170,152737.34,A,5225.138989,N,00936.966442,E,2.582,220.21,281123,3.82,E
1701185257478498058,152737.44,A,5225.138934,N,00936.966360,E,2.555,220.27,281123,3.82,E
1701185257578492580,152737.54,A,5225.138880,N,00936.966286,E,2.530,220.03,281123,3.82,E
1701185257678553564,152737.64,A,5225.138826,N,00936.966209,E,2.509,220.23,281123,3.82,E
1701185257778528757,152737.74,A,5225.138773,N,00936.966135,E,2.491,220.27,281123,3.82,E
1701185257878458064,152737.84,A,5225.138720,N,00936.966063,E,2.466,220.00,281123,3.82,E
1701185257978478143,152737.94,A,5225.138667,N,00936.965986,E,2.452,220.31,281123,3.82,E
1701185258078629903,152738.04,A,5225.138615,N,00936.965914,E,2.428,220.39,281123,3.82,E
1701185258178572840,152738.14,A,5225.138561,N,00936.965840,E,2.409,220.27,281123,3.82,E
1701185258278462149,152738.24,A,5225.138510,N,00936.965769,E,2.384,220.23,281123,3.82,E
1701185258378667575,152738.34,A,5225.138460,N,00936.965700,E,2.361,220.05,281123,3.82,E
1701185258478486983,152738.44,A,5225.138412,N,00936.965627,E,2.338,220.29,281123,3.82,E
1701185258578501366,152738.54,A,5225.138363,N,00936.965559,E,2.322,220.18,281123,3.82,E
1701185258678527124,152738.64,A,5225.138316,N,00936.965493,E,2.295,220.25,281123,3.82,E
1701185258778491217,152738.74,A,5225.138267,N,00936.965426,E,2.264,220.34,281123,3.82,E
1701185258878582712,152738.84,A,5225.138220,N,00936.965359,E,2.248,220.47,281123,3.82,E
1701185258978502069,152738.94,A,5225.138173,N,00936.965289,E,2.226,220.52,281123,3.82,E
1701185259078456089,152739.04,A,5225.138126,N,00936.965224,E,2.204,220.62,281123,3.82,E
1701185259178503780,152739.14,A,5225.138079,N,00936.965154,E,2.188,220.53,281123,3.82,E
1701185259278527183,152739.24,A,5225.138033,N,00936.965090,E,2.166,220.47,281123,3.82,E
1701185259378447977,152739.34,A,5225.137987,N,00936.965026,E,2.141,220.52,281123,3.82,E
1701185259478444381,152739.44,A,5225.137943,N,00936.964962,E,2.124,220.42,281123,3.82,E
1701185259578437217,152739.54,A,5225.137898,N,00936.964900,E,2.098,220.46,281123,3.82,E
1701185259678491637,152739.64,A,5225.137856,N,00936.964837,E,2.068,220.57,281123,3.82,E
1701185259778479780,152739.74,A,5225.137812,N,00936.964776,E,2.028,220.56,281123,3.82,E
1701185259878482308,152739.84,A,5225.137770,N,00936.964717,E,1.986,220.60,281123,3.82,E
1701185259978406625,152739.94,A,5225.137728,N,00936.964656,E,1.944,220.72,281123,3.82,E
1701185260078749645,152740.04,A,5225.137687,N,00936.964599,E,1.884,220.59,281123,3.82,E
1701185260178484708,152740.14,A,5225.137646,N,00936.964541,E,1.829,220.57,281123,3.82,E
1701185260278548177,152740.24,A,5225.137608,N,00936.964488,E,1.764,220.44,281123,3.82,E
1701185260378494041,152740.34,A,5225.137571,N,00936.964437,E,1.699,220.38,281123,3.82,E
1701185260478462628,152740.44,A,5225.137534,N,00936.964384,E,1.639,220.61,281123,3.82,E
1701185260578563926,152740.54,A,5225.137500,N,00936.964336,E,1.554,220.51,281123,3.82,E
1701185260678484711,152740.64,A,5225.137466,N,00936.964295,E,1.440,220.50,281123,3.82,E
1701185260778687668,152740.74,A,5225.137437,N,00936.964254,E,1.290,220.66,281123,3.82,E
1701185260878426256,152740.84,A,5225.137411,N,00936.964219,E,1.122,220.37,281123,3.82,E
1701185260978499641,152740.94,A,5225.137386,N,00936.964178,E,0.953,220.50,281123,3.82,E
1701185261078520478,152741.04,A,5225.137368,N,00936.964152,E,0.771,220.91,281123,3.82,E
1701185261178443688,152741.14,A,5225.137346,N,00936.964122,E,0.591,221.24,281123,3.82,E
1701185261278495171,152741.24,A,5225.137336,N,00936.964107,E,0.387,,281123,3.82,E
1701185261378411955,152741.34,A,5225.137330,N,00936.964099,E,0.164,,281123,3.82,E
1701185261478378654,152741.44,A,5225.137322,N,00936.964090,E,0.035,,281123,3.82,E
1701185261578392701,152741.54,A,5225.137323,N,00936.964090,E,0.016,,281123,3.82,E
1701185261678391364,152741.64,A,5225.137321,N,00936.964088,E,0.129,,281123,3.82,E
1701185261778388977,152741.74,A,5225.137318,N,00936.964084,E,0.082,,281123,3.82,E
1701185261878399284,152741.84,A,5225.137317,N,00936.964083,E,0.047,,281123,3.82,E
1701185261978400677,152741.94,A,5225.137320,N,00936.964086,E,0.086,,281123,3.82,E
1701185262078426094,152742.04,A,5225.137318,N,00936.964083,E,0.089,,281123,3.82,E
1701185262178417008,152742.14,A,5225.137324,N,00936.964092,E,0.067,,281123,3.82,E
1701185262278494436,152742.24,A,5225.137323,N,00936.964090,E,0.063,,281123,3.82,E
1701185262378359633,152742.34,A,5225.137321,N,00936.964088,E,0.069,,281123,3.82,E
1701185262478656446,152742.44,A,5225.137324,N,00936.964091,E,0.078,,281123,3.82,E
1701185262578362165,152742.54,A,5225.137323,N,00936.964089,E,0.068,,281123,3.82,E
1701185262678400350,152742.64,A,5225.137326,N,00936.964094,E,0.063,,281123,3.82,E
1701185262778579560,152742.74,A,5225.137324,N,00936.964092,E,0.069,,281123,3.82,E
1701185262878415614,152742.84,A,5225.137323,N,00936.964091,E,0.071,,281123,3.82,E
1701185262978573257,152742.94,A,5225.137327,N,00936.964096,E,0.061,,281123,3.82,E
1701185263078455939,152743.04,A,5225.137326,N,00936.964094,E,0.066,,281123,3.82,E
1701185263178435031,152743.14,A,5225.137331,N,00936.964097,E,0.061,,281123,3.82,E
1701185263278430645,152743.24,A,5225.137329,N,00936.964096,E,0.061,,281123,3.82,E
1701185263378414501,152743.34,A,5225.137328,N,00936.964094,E,0.062,,281123,3.82,E
1701185263478461047,152743.44,A,5225.137330,N,00936.964099,E,0.060,,281123,3.82,E
1701185263578564046,152743.54,A,5225.137329,N,00936.964097,E,0.060,,281123,3.82,E
1701185263678471723,152743.64,A,5225.137333,N,00936.964101,E,0.054,,281123,3.82,E
1701185263778466829,152743.74,A,5225.137332,N,00936.964100,E,0.057,,281123,3.82,E
1701185263878448962,152743.84,A,5225.137330,N,00936.964099,E,0.057,,281123,3.82,E
1701185263978581522,152743.94,A,5225.137334,N,00936.964104,E,0.050,,281123,3.82,E
1701185264078437714,152744.04,A,5225.137333,N,00936.964103,E,0.051,,281123,3.82,E
1701185264178521702,152744.14,A,5225.137337,N,00936.964105,E,0.048,,281123,3.82,E
1701185264278433600,152744.24,A,5225.137336,N,00936.964104,E,0.046,,281123,3.82,E
1701185264378590785,152744.34,A,5225.137335,N,00936.964103,E,0.048,,281123,3.82,E
1701185264478642898,152744.44,A,5225.137337,N,00936.964107,E,0.046,,281123,3.82,E
1701185264578438309,152744.54,A,5225.137336,N,00936.964106,E,0.045,,281123,3.82,E
1701185264678773812,152744.64,A,5225.137339,N,00936.964109,E,0.045,,281123,3.82,E
1701185264778443772,152744.74,A,5225.137338,N,00936.964108,E,0.043,,281123,3.82,E
1701185264878452405,152744.84,A,5225.137337,N,00936.964107,E,0.039,,281123,3.82,E
1701185264978445576,152744.94,A,5225.137340,N,00936.964111,E,0.041,,281123,3.82,E
1701185265078420872,152745.04,A,5225.137339,N,00936.964111,E,0.042,,281123,3.82,E
1701185265178426582,152745.14,A,5225.137341,N,00936.964112,E,0.036,,281123,3.82,E
1701185265278444307,152745.24,A,5225.137341,N,00936.964112,E,0.036,,281123,3.82,E
1701185265378421574,152745.34,A,5225.137340,N,00936.964111,E,0.041,,281123,3.82,E
1701185265478408590,152745.44,A,5225.137343,N,00936.964114,E,0.037,,281123,3.82,E
1701185265578407351,152745.54,A,5225.137342,N,00936.964113,E,0.034,,281123,3.82,E
1701185265678444334,152745.64,A,5225.137344,N,00936.964117,E,0.033,,281123,3.82,E
1701185265778415038,152745.74,A,5225.137343,N,00936.964116,E,0.036,,281123,3.82,E
1701185265878434805,152745.84,A,5225.137342,N,00936.964116,E,0.035,,281123,3.82,E
1701185265978434547,152745.94,A,5225.137346,N,00936.964118,E,0.031,,281123,3.82,E
1701185266078694009,152746.04,A,5225.137345,N,00936.964118,E,0.032,,281123,3.82,E
1701185266178533643,152746.14,A,5225.137348,N,00936.964120,E,0.031,,281123,3.82,E
1701185266278454622,152746.24,A,5225.137347,N,00936.964119,E,0.030,,281123,3.82,E
1701185266378573085,152746.34,A,5225.137346,N,00936.964119,E,0.031,,281123,3.82,E
1701185266478413627,152746.44,A,5225.137349,N,00936.964121,E,0.029,,281123,3.82,E
1701185266578489020,152746.54,A,5225.137348,N,00936.964121,E,0.031,,281123,3.82,E
1701185266678545219,152746.64,A,5225.137349,N,00936.964123,E,0.029,,281123,3.82,E
1701185266778527057,152746.74,A,5225.137348,N,00936.964123,E,0.031,,281123,3.82,E
1701185266878585093,152746.84,A,5225.137347,N,00936.964122,E,0.032,,281123,3.82,E
1701185266978453997,152746.94,A,5225.137350,N,00936.964124,E,0.031,,281123,3.82,E
1701185267078503777,152747.04,A,5225.137349,N,00936.964124,E,0.030,,281123,3.82,E
1701185267178441685,152747.14,A,5225.137351,N,00936.964125,E,0.028,,281123,3.82,E
1701185267278756368,152747.24,A,5225.137350,N,00936.964125,E,0.028,,281123,3.82,E
1701185267378404275,152747.34,A,5225.137350,N,00936.964125,E,0.028,,281123,3.82,E
1701185267478426791,152747.44,A,5225.137351,N,00936.964126,E,0.026,,281123,3.82,E
1701185267578410245,152747.54,A,5225.137351,N,00936.964126,E,0.028,,281123,3.82,E
1701185267678411245,152747.64,A,5225.137352,N,00936.964128,E,0.024,,281123,3.82,E
1701185267778432095,152747.74,A,5225.137351,N,00936.964128,E,0.026,,281123,3.82,E
1701185267878436648,152747.84,A,5225.137351,N,00936.964128,E,0.029,,281123,3.82,E
1701185267978433352,152747.94,A,5225.137352,N,00936.964129,E,0.024,,281123,3.82,E
1701185268078638591,152748.04,A,5225.137352,N,00936.964128,E,0.023,,281123,3.82,E
1701185268178444299,152748.14,A,5225.137353,N,00936.964131,E,0.024,,281123,3.82,E
1701185268278468283,152748.24,A,5225.137352,N,00936.964131,E,0.027,,281123,3.82,E
1701185268378467086,152748.34,A,5225.137352,N,00936.964131,E,0.026,,281123,3.82,E
1701185268478457932,152748.44,A,5225.137354,N,00936.964133,E,0.020,,281123,3.82,E
1701185268578619576,152748.54,A,5225.137354,N,00936.964133,E,0.025,,281123,3.82,E
1701185268678496194,152748.64,A,5225.137355,N,00936.964134,E,0.023,,281123,3.82,E
1701185268778570347,152748.74,A,5225.137355,N,00936.964134,E,0.022,,281123,3.82,E
1701185268878426696,152748.84,A,5225.137354,N,00936.964134,E,0.021,,281123,3.82,E
1701185268978471731,152748.94,A,5225.137355,N,00936.964135,E,0.025,,281123,3.82,E
1701185269078546614,152749.04,A,5225.137354,N,00936.964135,E,0.024,,281123,3.82,E
1701185269178450789,152749.14,A,5225.137356,N,00936.964136,E,0.021,,281123,3.82,E
1701185269278410992,152749.24,A,5225.137356,N,00936.964136,E,0.022,,281123,3.82,E
1701185269378426867,152749.34,A,5225.137355,N,00936.964135,E,0.025,,281123,3.82,E
1701185269478513978,152749.44,A,5225.137356,N,00936.964138,E,0.022,,281123,3.82,E
1701185269578412895,152749.54,A,5225.137356,N,00936.964138,E,0.022,,281123,3.82,E
1701185269678409804,152749.64,A,5225.137357,N,00936.964139,E,0.021,,281123,3.82,E
1701185269778398570,152749.74,A,5225.137357,N,00936.964139,E,0.023,,281123,3.82,E
1701185269878409705,152749.84,A,5225.137356,N,00936.964139,E,0.022,,281123,3.82,E
1701185269978416860,152749.94,A,5225.137358,N,00936.964140,E,0.020,,281123,3.82,E
1701185270078523083,152750.04,A,5225.137357,N,00936.964139,E,0.020,,281123,3.82,E
